Andrew Robertson,X919
Ann Jones,X064
Blair Foster,X682
Bob Dawson,X780
Chris Smith,X782
Dave Jackson,X316
David Hunter,X278
Donald Murray,X720
Fiona Thoms,X475
Gillian Hamilton,X386
Harry Johnston,X857
Helen Webster,X309
Jack Houston,X733
Jo Hill,X285
Joe Woods,X213
John Brown,X009
Judy Hilman,X904
Keith Burns,X552
Lily Watson,X121
Lucy Grey,X025
Mary Brown,X198
Pamela Field,X521
Peter White,X036
Robert Murray,X606
Susan Turner,X214
Thomas Young,X507
Tim Smith,X020
Tony Lawson,X086
Ursula Milton,X746
Viola Nicholson,X540
